{
    "data": {
        "labels": {
            "training_labels": "C:/Users/cshor/Desktop/open ephys/repos/cjsha/sleap-practice/labels.v001_7-27.slp",
            "validation_labels": null,
            "validation_fraction": 0.1,
            "test_labels": null,
            "split_by_inds": false,
            "training_inds": [
                16,
                11,
                0,
                5,
                3,
                15,
                9,
                12,
                2,
                17,
                10,
                19,
                8,
                4,
                14,
                1,
                13,
                18
            ],
            "validation_inds": [
                7,
                6
            ],
            "test_inds": null,
            "search_path_hints": [
                "",
                ""
            ],
            "skeletons": [
                {
                    "directed": true,
                    "graph": {
                        "name": "Skeleton-1",
                        "num_edges_inserted": 2
                    },
                    "links": [
                        {
                            "edge_insert_idx": 0,
                            "key": 0,
                            "source": {
                                "py/object": "sleap.skeleton.Node",
                                "py/state": {
                                    "py/tuple": [
                                        "pointer",
                                        1.0
                                    ]
                                }
                            },
                            "target": {
                                "py/object": "sleap.skeleton.Node",
                                "py/state": {
                                    "py/tuple": [
                                        "crease",
                                        1.0
                                    ]
                                }
                            },
                            "type": {
                                "py/reduce": [
                                    {
                                        "py/type": "sleap.skeleton.EdgeType"
                                    },
                                    {
                                        "py/tuple": [
                                            1
                                        ]
                                    }
                                ]
                            }
                        },
                        {
                            "edge_insert_idx": 1,
                            "key": 0,
                            "source": {
                                "py/id": 2
                            },
                            "target": {
                                "py/object": "sleap.skeleton.Node",
                                "py/state": {
                                    "py/tuple": [
                                        "middle",
                                        1.0
                                    ]
                                }
                            },
                            "type": {
                                "py/id": 3
                            }
                        }
                    ],
                    "multigraph": true,
                    "nodes": [
                        {
                            "id": {
                                "py/id": 1
                            }
                        },
                        {
                            "id": {
                                "py/id": 2
                            }
                        },
                        {
                            "id": {
                                "py/id": 4
                            }
                        }
                    ]
                }
            ]
        },
        "preprocessing": {
            "ensure_rgb": false,
            "ensure_grayscale": false,
            "imagenet_mode": null,
            "input_scaling": 1.0,
            "pad_to_stride": 16,
            "resize_and_pad_to_target": true,
            "target_height": 480,
            "target_width": 852
        },
        "instance_cropping": {
            "center_on_part": null,
            "crop_size": null,
            "crop_size_detection_padding": 16
        }
    },
    "model": {
        "backbone": {
            "leap": null,
            "unet": {
                "stem_stride": null,
                "max_stride": 16,
                "output_stride": 2,
                "filters": 16,
                "filters_rate": 2.0,
                "middle_block": true,
                "up_interpolate": true,
                "stacks": 1
            },
            "hourglass": null,
            "resnet": null,
            "pretrained_encoder": null
        },
        "heads": {
            "single_instance": {
                "part_names": [
                    "pointer",
                    "crease",
                    "middle"
                ],
                "sigma": 2.5,
                "output_stride": 2,
                "loss_weight": 1.0,
                "offset_refinement": false
            },
            "centroid": null,
            "centered_instance": null,
            "multi_instance": null,
            "multi_class_bottomup": null,
            "multi_class_topdown": null
        },
        "base_checkpoint": null
    },
    "optimization": {
        "preload_data": true,
        "augmentation_config": {
            "rotate": true,
            "rotation_min_angle": -15.0,
            "rotation_max_angle": 15.0,
            "translate": false,
            "translate_min": -5,
            "translate_max": 5,
            "scale": false,
            "scale_min": 0.9,
            "scale_max": 1.1,
            "uniform_noise": false,
            "uniform_noise_min_val": 0.0,
            "uniform_noise_max_val": 10.0,
            "gaussian_noise": false,
            "gaussian_noise_mean": 5.0,
            "gaussian_noise_stddev": 1.0,
            "contrast": false,
            "contrast_min_gamma": 0.5,
            "contrast_max_gamma": 2.0,
            "brightness": false,
            "brightness_min_val": 0.0,
            "brightness_max_val": 10.0,
            "random_crop": false,
            "random_crop_height": 256,
            "random_crop_width": 256,
            "random_flip": false,
            "flip_horizontal": false
        },
        "online_shuffling": true,
        "shuffle_buffer_size": 128,
        "prefetch": true,
        "batch_size": 4,
        "batches_per_epoch": 200,
        "min_batches_per_epoch": 200,
        "val_batches_per_epoch": 10,
        "min_val_batches_per_epoch": 10,
        "epochs": 150,
        "optimizer": "adam",
        "initial_learning_rate": 0.0001,
        "learning_rate_schedule": {
            "reduce_on_plateau": true,
            "reduction_factor": 0.5,
            "plateau_min_delta": 1e-06,
            "plateau_patience": 5,
            "plateau_cooldown": 3,
            "min_learning_rate": 1e-08
        },
        "hard_keypoint_mining": {
            "online_mining": false,
            "hard_to_easy_ratio": 2.0,
            "min_hard_keypoints": 2,
            "max_hard_keypoints": null,
            "loss_scale": 5.0
        },
        "early_stopping": {
            "stop_training_on_plateau": true,
            "plateau_min_delta": 1e-08,
            "plateau_patience": 5
        }
    },
    "outputs": {
        "save_outputs": true,
        "run_name": "230727_134038.single_instance.n=20",
        "run_name_prefix": "",
        "run_name_suffix": "",
        "runs_folder": "C:/Users/cshor/Desktop/open ephys/repos/cjsha/sleap-practice\\models",
        "tags": [
            ""
        ],
        "save_visualizations": true,
        "delete_viz_images": true,
        "zip_outputs": false,
        "log_to_csv": true,
        "checkpointing": {
            "initial_model": false,
            "best_model": true,
            "every_epoch": false,
            "latest_model": false,
            "final_model": false
        },
        "tensorboard": {
            "write_logs": false,
            "loss_frequency": "epoch",
            "architecture_graph": false,
            "profile_graph": false,
            "visualizations": true
        },
        "zmq": {
            "subscribe_to_controller": true,
            "controller_address": "tcp://127.0.0.1:9000",
            "controller_polling_timeout": 10,
            "publish_updates": true,
            "publish_address": "tcp://127.0.0.1:9001"
        }
    },
    "name": "",
    "description": "",
    "sleap_version": "1.3.1",
    "filename": "C:/Users/cshor/Desktop/open ephys/repos/cjsha/sleap-practice\\models\\230727_134038.single_instance.n=20\\training_config.json"
}